character_description,label
"plans carefully, listens more than speaks, strategic, methodical, studious; in the library",0
"reserved, strategic, reflective, methodical; ""I notice the small details""; while exploring caves",0
"analytical, reserved, cautious; during the journey",0
"cautious, analytical, observant; during winter",0
"introverted, quiet, listens more than speaks, reserved, analytical; at the market",0
"quiet, methodical, strategic, analytical, listens more than speaks; ""Let me think first""; while exploring caves",0
"quiet, logical approach, analytical, observant; ""I notice the small details""; at the market",0
"studious, reflective, reserved; on the ship",0
"analytical, reflective, cautious; ""I notice the small details""; on the ship",0
"plans carefully, analytical, listens more than speaks; while exploring caves",0
"studious, logical approach, plans carefully, methodical; during winter",0
"strategic, cautious, listens more than speaks, reserved, quiet; during the journey",0
"logical approach, reflective, strategic, observant, studious; ""Let me think first""; in the forest",0
"reflective, quiet, studious, logical approach, methodical; ""I notice the small details""; in the city",0
"thoughtful, introverted, methodical; in the city",0
"plans carefully, cautious, introverted; ""I notice the small details""; in the forest",0
"observant, quiet, studious, introverted; during winter",0
"studious, strategic, plans carefully, reserved; ""I need a plan""; in the forest",0
"quiet, thoughtful, observant, cautious; ""I notice the small details""; in the forest",0
"logical approach, observant, thoughtful, methodical, reserved; at the market",0
"cautious, methodical, observant, quiet, thoughtful; during the journey",0
"studious, introverted, reflective, plans carefully, strategic; ""Let me think first""; in the library",0
"cautious, reserved, studious, listens more than speaks, plans carefully; on the battlefield",0
"quiet, logical approach, reflective, listens more than speaks; on the ship",0
"methodical, studious, strategic, introverted, listens more than speaks; on the ship",0
"cautious, studious, quiet, listens more than speaks, logical approach; ""Let me think first""; at the market",0
"reserved, quiet, observant; during the journey",0
"methodical, studious, thoughtful; ""I need a plan""; on the battlefield",0
"analytical, studious, observant, logical approach; in the library",0
"cautious, plans carefully, observant; ""Let me think first""; in the city",0
"analytical, reflective, logical approach, plans carefully; ""I notice the small details""; on the ship",0
"logical approach, reserved, plans carefully, quiet, thoughtful; in the forest",0
"methodical, listens more than speaks, analytical, introverted; ""Let me think first""; on the ship",0
"thoughtful, cautious, analytical, reflective, listens more than speaks; at the market",0
"reflective, quiet, methodical, thoughtful; at dawn",0
"listens more than speaks, analytical, strategic; in the city",0
"analytical, methodical, plans carefully; ""Let me think first""; on the ship",0
"studious, strategic, plans carefully, listens more than speaks; while exploring caves",0
"studious, methodical, cautious, plans carefully; ""Let me think first""; during the journey",0
"studious, analytical, quiet, cautious, introverted; during winter",0
"cautious, listens more than speaks, plans carefully; ""Let me think first""; on the battlefield",0
"introverted, reserved, strategic, cautious, thoughtful; at dawn",0
"reserved, listens more than speaks, strategic, studious, quiet; in the city",0
"cautious, studious, logical approach, plans carefully, methodical; ""I notice the small details""; in the city",0
"quiet, plans carefully, observant; in the library",0
"plans carefully, listens more than speaks, quiet, methodical; ""I need a plan""; in the library",0
"listens more than speaks, logical approach, quiet; ""I need a plan""; on the ship",0
"strategic, analytical, quiet, thoughtful, plans carefully; ""I need a plan""; during winter",0
"analytical, cautious, studious; ""I need a plan""; while exploring caves",0
"quiet, introverted, methodical; ""I notice the small details""; in the city",0
"studious, reserved, plans carefully, observant, logical approach; ""Let me think first""; during winter",0
"strategic, observant, reserved; ""I notice the small details""; while exploring caves",0
"analytical, introverted, listens more than speaks, thoughtful; ""I notice the small details""; during winter",0
"quiet, logical approach, introverted; on the battlefield",0
"studious, strategic, reserved, analytical, introverted; on the ship",0
"observant, strategic, thoughtful; ""Let me think first""; in the forest",0
"cautious, introverted, reserved, observant; ""Let me think first""; in the library",0
"methodical, introverted, analytical, reserved; ""I notice the small details""; while exploring caves",0
"methodical, studious, introverted, analytical; ""I need a plan""; in the library",0
"plans carefully, analytical, reflective, introverted, logical approach; on the battlefield",0
"cautious, logical approach, analytical, plans carefully, methodical; in the library",0
"logical approach, analytical, strategic; in the city",0
"quiet, strategic, observant; at dawn",0
"logical approach, studious, cautious; while exploring caves",0
"thoughtful, studious, cautious; ""I need a plan""; on the ship",0
"listens more than speaks, quiet, cautious, observant, reserved; during winter",0
"plans carefully, logical approach, reflective, cautious, introverted; ""I notice the small details""; during winter",0
"observant, strategic, reserved, quiet; ""Let me think first""; in the library",0
"thoughtful, observant, reflective, introverted; on the ship",0
"introverted, logical approach, listens more than speaks; ""Let me think first""; on the battlefield",0
"analytical, reserved, quiet, listens more than speaks, plans carefully; during winter",0
"methodical, reserved, analytical, observant; on the ship",0
"reflective, plans carefully, reserved, methodical, quiet; during winter",0
"thoughtful, quiet, reflective; during winter",0
"analytical, observant, introverted, cautious, strategic; on the battlefield",0
"listens more than speaks, cautious, observant, plans carefully, logical approach; ""I need a plan""; at dawn",0
"studious, reserved, observant, quiet; ""I need a plan""; at dawn",0
"observant, strategic, reflective; ""Let me think first""; at dawn",0
"listens more than speaks, logical approach, thoughtful; at the market",0
"reserved, listens more than speaks, introverted, quiet, methodical; at the market",0
"plans carefully, reserved, strategic, observant, reflective; ""I notice the small details""; at the market",0
"listens more than speaks, analytical, observant, methodical; in the library",0
"studious, introverted, logical approach; ""Let me think first""; in the city",0
"methodical, strategic, reserved; on the ship",0
"plans carefully, cautious, studious, observant, strategic; ""I notice the small details""; on the battlefield",0
"thoughtful, cautious, analytical; ""I need a plan""; in the forest",0
"logical approach, cautious, analytical, methodical, thoughtful; in the library",0
"plans carefully, cautious, logical approach, quiet; on the battlefield",0
"thoughtful, quiet, studious, cautious; in the library",0
"strategic, observant, listens more than speaks; ""Let me think first""; in the forest",0
"studious, reflective, quiet; during the journey",0
"methodical, logical approach, reserved; ""I need a plan""; on the ship",0
"methodical, observant, cautious, listens more than speaks, logical approach; in the library",0
"reflective, analytical, methodical; during the journey",0
"thoughtful, strategic, listens more than speaks; ""Let me think first""; in the library",0
"logical approach, reflective, strategic; while exploring caves",0
"analytical, studious, quiet, methodical; on the ship",0
"strategic, quiet, observant, plans carefully; ""Let me think first""; at the market",0
"analytical, cautious, thoughtful, introverted, strategic; in the city",0
"listens more than speaks, observant, introverted, methodical; ""Let me think first""; on the battlefield",0
"reserved, quiet, methodical, reflective; on the ship",0
"reflective, cautious, observant, listens more than speaks, introverted; on the battlefield",0
"introverted, methodical, quiet; in the city",0
"analytical, quiet, reserved, logical approach; on the ship",0
"reserved, quiet, listens more than speaks, introverted, logical approach; ""I notice the small details""; in the library",0
"cautious, strategic, analytical, introverted, plans carefully; ""Let me think first""; on the battlefield",0
"plans carefully, methodical, listens more than speaks; ""Let me think first""; while exploring caves",0
"analytical, thoughtful, cautious; ""Let me think first""; while exploring caves",0
"cautious, analytical, methodical; during the journey",0
"reflective, strategic, cautious; ""Let me think first""; while exploring caves",0
"cautious, thoughtful, plans carefully, quiet, reflective; ""I need a plan""; at the market",0
"cautious, logical approach, plans carefully; ""Let me think first""; while exploring caves",0
"plans carefully, studious, reserved; at the market",0
"reflective, thoughtful, strategic, reserved; ""Let me think first""; in the library",0
"reserved, cautious, quiet, thoughtful, introverted; on the ship",0
"observant, plans carefully, reflective; at the market",0
"listens more than speaks, plans carefully, thoughtful, studious, logical approach; at the market",0
"introverted, cautious, reserved; ""I need a plan""; during the journey",0
"cautious, reserved, studious, listens more than speaks; ""I notice the small details""; in the city",0
"analytical, strategic, introverted, observant, reserved; ""I notice the small details""; in the library",0
"listens more than speaks, logical approach, strategic, methodical; ""I notice the small details""; on the battlefield",0
"introverted, studious, listens more than speaks, plans carefully, methodical; ""Let me think first""; in the library",0
"methodical, reflective, introverted, quiet; in the library",0
"listens more than speaks, analytical, logical approach, plans carefully, methodical; in the forest",0
"observant, reserved, reflective, cautious; ""I notice the small details""; in the city",0
"cautious, introverted, analytical, methodical; during the journey",0
"introverted, logical approach, plans carefully; ""I need a plan""; during winter",0
"introverted, studious, methodical, strategic; ""I notice the small details""; during winter",0
"plans carefully, strategic, cautious, logical approach; ""Let me think first""; while exploring caves",0
"cautious, studious, observant; ""I notice the small details""; in the library",0
"reserved, thoughtful, strategic, studious; on the battlefield",0
"logical approach, introverted, reserved; ""Let me think first""; at the market",0
"studious, listens more than speaks, thoughtful, analytical; at the market",0
"studious, logical approach, introverted, reserved, thoughtful; ""I notice the small details""; in the library",0
"logical approach, plans carefully, cautious; on the ship",0
"studious, reflective, reserved, logical approach, methodical; while exploring caves",0
"thoughtful, cautious, reflective, quiet, reserved; ""I notice the small details""; during the journey",0
"logical approach, studious, observant, quiet; on the battlefield",0
"cautious, analytical, listens more than speaks, reserved; ""Let me think first""; in the city",0
"studious, analytical, plans carefully, methodical; in the forest",0
"plans carefully, reflective, cautious, listens more than speaks; at dawn",0
"analytical, introverted, reserved; in the forest",0
"reserved, reflective, logical approach, methodical; on the ship",0
"quiet, introverted, methodical; on the ship",0
"reserved, quiet, observant; on the ship",0
"observant, strategic, analytical; ""I need a plan""; while exploring caves",0
"strategic, listens more than speaks, plans carefully; ""Let me think first""; during winter",0
"observant, reflective, studious, quiet; ""I notice the small details""; while exploring caves",0
"reflective, studious, quiet, thoughtful; ""Let me think first""; during the journey",0
"thoughtful, strategic, reserved, cautious, quiet; during the journey",0
"thoughtful, plans carefully, analytical, reflective; during winter",0
"quiet, cautious, observant; ""Let me think first""; during the journey",0
"studious, reflective, cautious, strategic; in the forest",0
"thoughtful, strategic, analytical, methodical, reflective; ""Let me think first""; in the forest",0
"reflective, thoughtful, cautious; ""I notice the small details""; on the battlefield",0
"thoughtful, methodical, observant, listens more than speaks; ""Let me think first""; in the city",0
"thoughtful, listens more than speaks, reserved, logical approach, reflective; ""I need a plan""; in the library",0
"quiet, plans carefully, reflective, observant, reserved; in the library",0
"listens more than speaks, reflective, logical approach, strategic, studious; ""I notice the small details""; while exploring caves",0
"quiet, reserved, thoughtful, logical approach, introverted; ""I need a plan""; on the battlefield",0
"logical approach, introverted, observant, plans carefully, reflective; ""Let me think first""; at dawn",0
"observant, strategic, reflective; ""I notice the small details""; during winter",0
"methodical, thoughtful, cautious, listens more than speaks; ""Let me think first""; during winter",0
"observant, methodical, introverted, cautious; in the library",0
"thoughtful, reflective, cautious, analytical; in the forest",0
"reserved, reflective, thoughtful, quiet; in the library",0
"listens more than speaks, analytical, reserved, thoughtful; on the ship",0
"listens more than speaks, logical approach, thoughtful, analytical, methodical; on the ship",0
"quiet, observant, thoughtful, reflective, introverted; on the battlefield",0
"observant, reflective, listens more than speaks, reserved, plans carefully; in the library",0
"analytical, observant, reflective, thoughtful; in the forest",0
"listens more than speaks, analytical, introverted, logical approach, methodical; ""I notice the small details""; on the battlefield",0
"cautious, analytical, reserved; during the journey",0
"listens more than speaks, plans carefully, thoughtful; during winter",0
"reflective, thoughtful, logical approach, introverted; in the library",0
"thoughtful, introverted, observant; ""I notice the small details""; during winter",0
"plans carefully, listens more than speaks, quiet; while exploring caves",0
"strategic, quiet, thoughtful, methodical, listens more than speaks; in the forest",0
"observant, plans carefully, logical approach, thoughtful; ""I need a plan""; during the journey",0
"studious, reserved, cautious, plans carefully; during winter",0
"methodical, studious, listens more than speaks; ""I notice the small details""; while exploring caves",0
"reflective, reserved, quiet; in the city",0
"logical approach, quiet, cautious; ""I need a plan""; on the ship",0
"listens more than speaks, methodical, analytical, thoughtful; in the library",0
"reserved, thoughtful, strategic, cautious; ""Let me think first""; at dawn",0
"observant, analytical, methodical; ""I notice the small details""; at the market",0
"studious, cautious, logical approach, thoughtful, methodical; ""I notice the small details""; in the library",0
"quiet, strategic, reserved, studious; during the journey",0
"logical approach, quiet, thoughtful, methodical; in the forest",0
"plans carefully, analytical, observant, studious, quiet; on the ship",0
"analytical, logical approach, strategic, introverted; ""I need a plan""; on the battlefield",0
"methodical, thoughtful, analytical; on the ship",0
"reflective, thoughtful, cautious, plans carefully, quiet; ""Let me think first""; on the battlefield",0
"logical approach, plans carefully, reserved, introverted; ""Let me think first""; at the market",0
"methodical, introverted, listens more than speaks; ""Let me think first""; in the forest",0
"cautious, reflective, plans carefully; during winter",0
"logical approach, plans carefully, cautious; in the library",0
"thoughtful, reserved, reflective; ""Let me think first""; on the battlefield",0
"listens more than speaks, cautious, methodical, plans carefully; ""I notice the small details""; at dawn",0
"methodical, plans carefully, studious, listens more than speaks; during winter",0
"thoughtful, logical approach, methodical; on the battlefield",0
"cautious, strategic, reserved, thoughtful; ""I need a plan""; during the journey",0
"plans carefully, methodical, studious, observant; at the market",0
"analytical, quiet, thoughtful, reflective; during winter",0
"studious, introverted, plans carefully, observant, listens more than speaks; at dawn",0
"methodical, observant, cautious, reserved; in the city",0
"cautious, reserved, plans carefully, observant; in the city",0
"studious, quiet, reserved; at dawn",0
"plans carefully, observant, strategic, methodical; ""I notice the small details""; at dawn",0
"thoughtful, studious, methodical; on the ship",0
"logical approach, observant, quiet, cautious, reflective; ""I notice the small details""; during winter",0
"reflective, cautious, analytical, observant; ""I notice the small details""; on the ship",0
"strategic, analytical, introverted, logical approach; at dawn",0
"listens more than speaks, methodical, introverted; ""I need a plan""; at the market",0
"methodical, quiet, observant; ""Let me think first""; in the library",0
"observant, logical approach, reserved; on the ship",0
"analytical, quiet, plans carefully, listens more than speaks; during the journey",0
"listens more than speaks, plans carefully, logical approach; during the journey",0
"logical approach, studious, reserved, cautious; ""I need a plan""; in the forest",0
"thoughtful, analytical, studious; on the battlefield",0
"observant, strategic, introverted, cautious, plans carefully; in the city",0
"listens more than speaks, introverted, methodical; ""I notice the small details""; while exploring caves",0
"listens more than speaks, reflective, plans carefully, reserved; ""I notice the small details""; at dawn",0
"strategic, studious, logical approach; at the market",0
"reserved, reflective, quiet, logical approach; in the forest",0
"plans carefully, listens more than speaks, quiet; on the battlefield",0
"introverted, analytical, strategic; ""Let me think first""; on the ship",0
"logical approach, thoughtful, observant, studious, methodical; ""I notice the small details""; in the city",0
"strategic, reflective, plans carefully; during winter",0
"reserved, plans carefully, quiet, methodical, strategic; ""Let me think first""; at dawn",0
"methodical, strategic, logical approach, analytical; at dawn",0
"introverted, studious, thoughtful, reserved, plans carefully; ""I need a plan""; in the library",0
"plans carefully, studious, cautious, reserved; on the ship",0
"cautious, plans carefully, analytical; during the journey",0
"analytical, strategic, reserved, cautious; ""I notice the small details""; on the ship",0
"logical approach, reserved, studious; ""I need a plan""; during winter",0
"methodical, listens more than speaks, cautious; in the library",0
"analytical, thoughtful, reflective, plans carefully; ""I need a plan""; during the journey",0
"reserved, listens more than speaks, cautious, logical approach; during the journey",0
"methodical, cautious, reflective, analytical, listens more than speaks; on the ship",0
"analytical, methodical, logical approach, cautious; ""I notice the small details""; during winter",0
"methodical, plans carefully, cautious; at the market",0
"observant, listens more than speaks, cautious; ""Let me think first""; during the journey",0
"introverted, strategic, thoughtful; ""I notice the small details""; during winter",0
"cautious, reflective, reserved, analytical; on the battlefield",0
"reflective, introverted, logical approach, observant; ""Let me think first""; in the city",0
"reserved, observant, introverted, plans carefully; ""Let me think first""; at dawn",0
"introverted, logical approach, cautious; ""I notice the small details""; in the forest",0
"strategic, reflective, introverted, listens more than speaks, quiet; in the forest",0
"cautious, observant, thoughtful, plans carefully, analytical; in the library",0
"thoughtful, introverted, logical approach, quiet, analytical; ""I need a plan""; in the forest",0
"reserved, reflective, strategic, logical approach, analytical; in the library",0
"quiet, plans carefully, studious, reserved, logical approach; in the city",0
"studious, quiet, analytical, methodical, reflective; ""I notice the small details""; during winter",0
"cautious, strategic, plans carefully, quiet, analytical; at the market",0
"cautious, reserved, analytical; on the battlefield",0
"logical approach, observant, analytical; ""I notice the small details""; at dawn",0
"introverted, strategic, logical approach; ""Let me think first""; during the journey",0
"observant, reserved, plans carefully, reflective; ""I notice the small details""; in the city",0
"strategic, studious, observant, logical approach, listens more than speaks; ""I need a plan""; in the forest",0
"introverted, analytical, studious; during winter",0
"reflective, plans carefully, reserved; at dawn",0
"strategic, cautious, reserved, studious, observant; during winter",0
"listens more than speaks, methodical, reserved; ""I need a plan""; at the market",0
"cautious, listens more than speaks, reflective, methodical; ""I notice the small details""; in the forest",0
"strategic, reflective, plans carefully, reserved; ""I need a plan""; on the ship",0
"thoughtful, reflective, strategic; ""Let me think first""; on the ship",0
"reflective, thoughtful, reserved, introverted; at the market",0
"cautious, plans carefully, reflective, logical approach; in the forest",0
"analytical, methodical, quiet; ""Let me think first""; during winter",0
"introverted, observant, analytical, thoughtful; ""I notice the small details""; at dawn",0
"cautious, strategic, listens more than speaks; at the market",0
"cautious, methodical, studious, thoughtful; in the city",0
"cautious, methodical, quiet; ""I notice the small details""; at the market",0
"strategic, cautious, reserved, analytical, listens more than speaks; ""Let me think first""; while exploring caves",0
"reflective, listens more than speaks, cautious; at the market",0
"listens more than speaks, reserved, observant, logical approach, methodical; ""I need a plan""; during winter",0
"reflective, strategic, methodical, quiet, plans carefully; during the journey",0
"methodical, cautious, quiet, plans carefully; at dawn",0
"reserved, introverted, listens more than speaks, observant; on the ship",0
"quiet, observant, reserved; ""I need a plan""; at dawn",0
"thoughtful, quiet, methodical, plans carefully; in the library",0
"studious, analytical, logical approach, quiet; at the market",0
"strategic, studious, thoughtful, cautious; while exploring caves",0
"observant, cautious, thoughtful, reserved; ""I notice the small details""; on the ship",0
"strategic, plans carefully, thoughtful, observant, cautious; at dawn",0
"reflective, studious, logical approach; during the journey",0
"introverted, studious, observant; in the library",0
"quiet, reserved, plans carefully; during the journey",0
"studious, methodical, strategic, cautious, listens more than speaks; at dawn",0
"analytical, quiet, studious, observant, introverted; ""Let me think first""; on the battlefield",0
"quiet, observant, studious, logical approach; at dawn",0
"logical approach, methodical, thoughtful; at the market",0
"listens more than speaks, methodical, quiet, reserved, observant; in the city",0
"studious, cautious, plans carefully, analytical, quiet; while exploring caves",0
"studious, thoughtful, plans carefully, analytical, introverted; ""I need a plan""; in the forest",0
"reflective, reserved, quiet, studious; ""I notice the small details""; while exploring caves",0
"analytical, methodical, observant; ""I notice the small details""; in the city",0
"logical approach, plans carefully, thoughtful; ""I notice the small details""; during the journey",0
"quiet, logical approach, analytical, thoughtful; ""Let me think first""; in the forest",0
"charismatic, inspirational, decisive; at dawn",1
"takes charge, direct, assertive, charismatic; during winter",1
"assertive, direct, confident; ""We can do this""; on the battlefield",1
"charismatic, assertive, decisive, confident; ""We can do this""; at the market",1
"dynamic, charismatic, bold; during winter",1
"fearless, direct, inspirational, confident, bold; while exploring caves",1
"fearless, dynamic, direct, natural authority; ""We can do this""; at the market",1
"dynamic, commanding presence, charismatic, fearless, takes charge; ""Step aside, I got this""; in the forest",1
"bold, direct, confident, takes charge; on the ship",1
"dynamic, direct, fearless, commanding presence; during the journey",1
"charismatic, motivates others, assertive; ""Step aside, I got this""; on the battlefield",1
"inspirational, dynamic, charismatic, decisive, direct; in the city",1
"assertive, charismatic, commanding presence; in the city",1
"bold, natural authority, commanding presence, dynamic, takes charge; in the city",1
"inspirational, assertive, bold, direct; ""Step aside, I got this""; at dawn",1
"fearless, commanding presence, confident, bold, dynamic; during the journey",1
"natural authority, decisive, fearless, takes charge, inspirational; on the battlefield",1
"motivates others, confident, decisive; at dawn",1
"direct, decisive, commanding presence, natural authority; on the battlefield",1
"leader, confident, takes charge; at dawn",1
"leader, takes charge, direct, confident, inspirational; at dawn",1
"leader, natural authority, confident, inspirational; ""We can do this""; at the market",1
"assertive, inspirational, direct; ""We can do this""; in the city",1
"charismatic, confident, motivates others, fearless, natural authority; ""Step aside, I got this""; at the market",1
"confident, inspirational, dynamic; at the market",1
"direct, confident, inspirational, charismatic, assertive; while exploring caves",1
"charismatic, decisive, motivates others; on the ship",1
"leader, direct, confident, charismatic; while exploring caves",1
"natural authority, leader, direct, motivates others; ""We can do this""; at dawn",1
"direct, leader, fearless, charismatic; ""We can do this""; during winter",1
"charismatic, takes charge, inspirational, leader, assertive; ""Follow me""; at dawn",1
"takes charge, motivates others, natural authority; on the ship",1
"direct, dynamic, charismatic, decisive, natural authority; in the forest",1
"confident, bold, fearless, decisive, natural authority; during the journey",1
"decisive, assertive, direct, leader; ""We can do this""; at the market",1
"natural authority, fearless, assertive, takes charge, inspirational; ""Step aside, I got this""; on the ship",1
"confident, inspirational, motivates others, direct; ""Follow me""; on the ship",1
"commanding presence, decisive, confident; ""Follow me""; while exploring caves",1
"takes charge, dynamic, inspirational, leader; ""Follow me""; at dawn",1
"charismatic, direct, inspirational, motivates others, bold; on the ship",1
"natural authority, leader, decisive; ""Follow me""; on the ship",1
"confident, direct, dynamic; on the battlefield",1
"commanding presence, direct, dynamic, natural authority, confident; ""Step aside, I got this""; during the journey",1
"dynamic, leader, charismatic, bold, decisive; ""Follow me""; on the battlefield",1
"decisive, inspirational, leader, confident; ""Step aside, I got this""; while exploring caves",1
"confident, leader, dynamic, natural authority, takes charge; ""Step aside, I got this""; during the journey",1
"direct, assertive, bold; ""Step aside, I got this""; during the journey",1
"confident, takes charge, commanding presence; ""Follow me""; at the market",1
"takes charge, bold, leader; during winter",1
"fearless, inspirational, charismatic, motivates others, commanding presence; in the forest",1
"takes charge, decisive, commanding presence; ""Step aside, I got this""; in the city",1
"natural authority, leader, motivates others; ""Step aside, I got this""; in the forest",1
"bold, leader, dynamic, takes charge; ""We can do this""; in the library",1
"inspirational, dynamic, natural authority, takes charge; ""Step aside, I got this""; at the market",1
"bold, takes charge, charismatic, leader; ""Follow me""; at dawn",1
"natural authority, bold, direct; ""We can do this""; during winter",1
"commanding presence, inspirational, assertive, decisive; ""Follow me""; on the battlefield",1
"charismatic, confident, bold, assertive, leader; ""Follow me""; in the city",1
"fearless, leader, takes charge; ""Follow me""; on the ship",1
"natural authority, motivates others, direct, assertive, bold; ""Step aside, I got this""; on the ship",1
"fearless, decisive, dynamic; ""We can do this""; on the battlefield",1
"dynamic, direct, commanding presence; in the library",1
"dynamic, inspirational, decisive, motivates others, bold; during winter",1
"inspirational, takes charge, natural authority; on the ship",1
"commanding presence, charismatic, fearless, confident, dynamic; while exploring caves",1
"bold, takes charge, dynamic, charismatic, decisive; ""We can do this""; during winter",1
"motivates others, decisive, inspirational; in the forest",1
"natural authority, decisive, takes charge; in the library",1
"charismatic, dynamic, leader, fearless; in the library",1
"decisive, confident, charismatic; on the battlefield",1
"decisive, leader, commanding presence; ""We can do this""; in the city",1
"assertive, inspirational, leader; on the battlefield",1
"fearless, takes charge, charismatic, leader, natural authority; ""Step aside, I got this""; at the market",1
"commanding presence, decisive, assertive; in the city",1
"leader, charismatic, commanding presence, dynamic; ""We can do this""; in the library",1
"bold, fearless, leader; at the market",1
"commanding presence, confident, motivates others; ""We can do this""; while exploring caves",1
"commanding presence, natural authority, decisive, dynamic; ""Follow me""; on the battlefield",1
"natural authority, dynamic, takes charge; in the library",1
"bold, inspirational, natural authority; ""We can do this""; during winter",1
"assertive, decisive, commanding presence, takes charge; ""Follow me""; in the library",1
"takes charge, inspirational, bold, confident; ""We can do this""; during winter",1
"leader, motivates others, charismatic, direct; in the library",1
"motivates others, natural authority, takes charge; in the library",1
"assertive, direct, fearless, dynamic, inspirational; ""Follow me""; while exploring caves",1
"direct, confident, bold, natural authority, dynamic; ""Follow me""; in the city",1
"leader, natural authority, takes charge; ""Step aside, I got this""; on the battlefield",1
"assertive, natural authority, bold, charismatic; ""We can do this""; in the city",1
"dynamic, assertive, direct, motivates others; while exploring caves",1
"confident, leader, dynamic; ""Follow me""; in the city",1
"decisive, commanding presence, natural authority; ""Step aside, I got this""; at dawn",1
"inspirational, direct, fearless, bold; during winter",1
"dynamic, direct, decisive, charismatic; ""We can do this""; on the battlefield",1
"direct, confident, assertive; ""Follow me""; in the city",1
"takes charge, assertive, bold, charismatic; ""Step aside, I got this""; in the library",1
"confident, commanding presence, assertive, natural authority; in the library",1
"inspirational, charismatic, takes charge; in the library",1
"assertive, bold, motivates others; ""Step aside, I got this""; during winter",1
"assertive, fearless, inspirational, dynamic; ""Follow me""; during winter",1
"assertive, charismatic, inspirational, direct, dynamic; ""Follow me""; on the battlefield",1
"inspirational, fearless, motivates others; in the forest",1
"decisive, commanding presence, takes charge, dynamic; ""Step aside, I got this""; during the journey",1
"direct, decisive, inspirational, takes charge, confident; in the city",1
"confident, assertive, natural authority, inspirational, leader; ""Step aside, I got this""; while exploring caves",1
"charismatic, natural authority, inspirational; ""Follow me""; at dawn",1
"confident, inspirational, motivates others, fearless, decisive; ""Follow me""; on the ship",1
"dynamic, leader, natural authority, direct, assertive; ""Follow me""; in the city",1
"direct, motivates others, natural authority, takes charge; ""Step aside, I got this""; while exploring caves",1
"motivates others, dynamic, fearless; ""Follow me""; during the journey",1
"decisive, confident, commanding presence, motivates others; ""We can do this""; in the forest",1
"decisive, commanding presence, confident; ""Follow me""; while exploring caves",1
"commanding presence, fearless, direct, inspirational, leader; while exploring caves",1
"decisive, inspirational, assertive, leader; during the journey",1
"natural authority, fearless, assertive, motivates others; ""We can do this""; in the forest",1
"bold, commanding presence, decisive; ""We can do this""; on the ship",1
"direct, commanding presence, confident; on the ship",1
"bold, natural authority, dynamic; on the battlefield",1
"bold, confident, fearless, dynamic, inspirational; in the library",1
"dynamic, commanding presence, motivates others; in the library",1
"fearless, bold, confident, natural authority; ""Step aside, I got this""; at the market",1
"dynamic, direct, bold, commanding presence; ""We can do this""; in the forest",1
"leader, assertive, direct; ""Step aside, I got this""; on the ship",1
"natural authority, inspirational, charismatic, takes charge; at dawn",1
"dynamic, leader, takes charge, confident, natural authority; ""We can do this""; at the market",1
"bold, dynamic, confident, leader, inspirational; ""Follow me""; during the journey",1
"fearless, takes charge, bold, direct, inspirational; ""Follow me""; in the library",1
"fearless, charismatic, inspirational, motivates others, decisive; during the journey",1
"natural authority, leader, charismatic, dynamic; while exploring caves",1
"leader, takes charge, confident; during the journey",1
"motivates others, confident, decisive, takes charge; ""Step aside, I got this""; in the city",1
"charismatic, commanding presence, assertive, motivates others, leader; ""Follow me""; at the market",1
"charismatic, assertive, bold, dynamic, motivates others; on the ship",1
"commanding presence, dynamic, takes charge, leader, assertive; ""Follow me""; in the city",1
"direct, decisive, inspirational, confident; at dawn",1
"inspirational, fearless, charismatic, motivates others; at dawn",1
"decisive, leader, assertive, motivates others; while exploring caves",1
"dynamic, motivates others, direct; ""Follow me""; while exploring caves",1
"decisive, direct, bold, confident, natural authority; on the ship",1
"dynamic, assertive, takes charge, direct, fearless; ""We can do this""; at the market",1
"dynamic, bold, confident, commanding presence; on the ship",1
"fearless, decisive, takes charge, leader; ""We can do this""; on the ship",1
"commanding presence, confident, decisive, bold, charismatic; in the library",1
"motivates others, takes charge, leader, inspirational; in the library",1
"takes charge, motivates others, decisive, natural authority; in the library",1
"charismatic, bold, takes charge; on the battlefield",1
"motivates others, assertive, fearless, bold; on the ship",1
"takes charge, inspirational, fearless, direct, decisive; ""We can do this""; during the journey",1
"motivates others, bold, fearless, inspirational, dynamic; ""Step aside, I got this""; during the journey",1
"confident, direct, fearless, bold; while exploring caves",1
"commanding presence, inspirational, bold, motivates others, decisive; on the ship",1
"fearless, takes charge, direct; ""Step aside, I got this""; in the library",1
"confident, commanding presence, direct; in the city",1
"direct, fearless, decisive, dynamic, bold; at the market",1
"charismatic, commanding presence, motivates others, dynamic; ""Step aside, I got this""; in the forest",1
"commanding presence, fearless, decisive, motivates others; while exploring caves",1
"motivates others, leader, assertive, decisive, commanding presence; ""We can do this""; on the ship",1
"decisive, inspirational, direct; ""Follow me""; in the library",1
"commanding presence, assertive, fearless; ""Step aside, I got this""; in the city",1
"dynamic, natural authority, charismatic; at dawn",1
"commanding presence, takes charge, inspirational, natural authority; in the library",1
"confident, leader, inspirational; on the ship",1
"assertive, fearless, commanding presence; ""We can do this""; in the library",1
"leader, charismatic, natural authority, bold; ""Follow me""; on the battlefield",1
"dynamic, motivates others, bold, inspirational, fearless; on the ship",1
"confident, direct, takes charge, leader, commanding presence; in the library",1
"inspirational, confident, decisive, leader, charismatic; on the ship",1
"bold, fearless, decisive, dynamic, natural authority; ""Step aside, I got this""; on the battlefield",1
"bold, fearless, natural authority; during winter",1
"direct, inspirational, natural authority, motivates others, takes charge; ""We can do this""; in the library",1
"decisive, charismatic, natural authority, inspirational; ""Step aside, I got this""; during the journey",1
"takes charge, natural authority, bold, leader, fearless; ""We can do this""; during the journey",1
"natural authority, decisive, confident; in the library",1
"confident, charismatic, leader; ""Step aside, I got this""; in the forest",1
"commanding presence, bold, leader, takes charge; in the library",1
"fearless, confident, decisive; ""We can do this""; during winter",1
"fearless, commanding presence, leader, charismatic, inspirational; ""Follow me""; in the city",1
"confident, natural authority, commanding presence, leader; ""We can do this""; during the journey",1
"assertive, fearless, direct, commanding presence, decisive; on the ship",1
"takes charge, dynamic, assertive, bold, decisive; during winter",1
"commanding presence, inspirational, fearless, decisive; during the journey",1
"takes charge, commanding presence, decisive, dynamic, motivates others; ""We can do this""; on the ship",1
"decisive, assertive, natural authority, leader; ""Follow me""; during winter",1
"direct, bold, leader, assertive, dynamic; during the journey",1
"confident, takes charge, fearless, natural authority; at dawn",1
"decisive, confident, direct; on the ship",1
"motivates others, bold, fearless, assertive; ""We can do this""; during the journey",1
"motivates others, assertive, decisive; during the journey",1
"motivates others, fearless, inspirational, direct; at dawn",1
"bold, assertive, dynamic; ""Step aside, I got this""; during the journey",1
"motivates others, leader, confident, inspirational; ""Follow me""; during the journey",1
"takes charge, confident, charismatic, fearless, direct; during the journey",1
"leader, assertive, direct; ""Step aside, I got this""; at dawn",1
"bold, takes charge, fearless, decisive, commanding presence; ""Step aside, I got this""; on the battlefield",1
"direct, motivates others, assertive, charismatic, natural authority; in the forest",1
"takes charge, bold, confident, assertive; in the forest",1
"bold, assertive, charismatic, commanding presence; ""Follow me""; during the journey",1
"inspirational, commanding presence, decisive, bold; ""We can do this""; while exploring caves",1
"natural authority, bold, confident, decisive; in the city",1
"natural authority, takes charge, commanding presence, fearless, decisive; at dawn",1
"confident, direct, assertive, fearless; ""Step aside, I got this""; during winter",1
"direct, dynamic, bold, fearless; ""Follow me""; at dawn",1
"direct, takes charge, confident, decisive; ""We can do this""; at dawn",1
"fearless, takes charge, inspirational; ""Follow me""; in the city",1
"assertive, fearless, commanding presence; ""Step aside, I got this""; in the forest",1
"charismatic, natural authority, inspirational; ""Step aside, I got this""; on the battlefield",1
"natural authority, commanding presence, direct, motivates others, leader; ""Follow me""; in the city",1
"decisive, inspirational, bold, direct, commanding presence; ""Step aside, I got this""; in the forest",1
"fearless, confident, charismatic, motivates others; during winter",1
"dynamic, natural authority, takes charge, commanding presence; on the battlefield",1
"leader, fearless, direct; at the market",1
"inspirational, motivates others, confident, dynamic, takes charge; during winter",1
"assertive, leader, motivates others, fearless; ""Step aside, I got this""; at the market",1
"fearless, commanding presence, takes charge, assertive, motivates others; ""Follow me""; on the battlefield",1
"assertive, fearless, motivates others; ""We can do this""; in the library",1
"decisive, natural authority, fearless; ""We can do this""; during the journey",1
"charismatic, motivates others, commanding presence, decisive, leader; ""Step aside, I got this""; while exploring caves",1
"motivates others, bold, confident, direct; ""Step aside, I got this""; on the battlefield",1
"commanding presence, confident, motivates others, takes charge; ""Follow me""; at dawn",1
"bold, natural authority, charismatic, fearless, assertive; ""Step aside, I got this""; on the battlefield",1
"charismatic, natural authority, assertive; ""Follow me""; at dawn",1
"direct, assertive, takes charge, leader, confident; ""We can do this""; at the market",1
"assertive, bold, commanding presence, dynamic, confident; ""Follow me""; in the city",1
"takes charge, leader, motivates others; ""Step aside, I got this""; in the library",1
"direct, inspirational, leader, dynamic, assertive; ""We can do this""; at the market",1
"fearless, bold, direct, commanding presence, natural authority; ""Step aside, I got this""; while exploring caves",1
"leader, direct, charismatic, bold, motivates others; ""We can do this""; in the library",1
"direct, motivates others, charismatic, natural authority; ""Follow me""; on the ship",1
"assertive, motivates others, bold; at the market",1
"bold, direct, inspirational, natural authority; at the market",1
"bold, natural authority, dynamic, assertive, confident; ""We can do this""; at dawn",1
"fearless, confident, natural authority, inspirational; ""We can do this""; during winter",1
"inspirational, bold, natural authority, commanding presence; ""Follow me""; during the journey",1
"commanding presence, inspirational, dynamic, natural authority, leader; ""Follow me""; during the journey",1
"assertive, charismatic, commanding presence, natural authority; ""Follow me""; at the market",1
"confident, fearless, takes charge, leader, direct; ""Follow me""; in the city",1
"charismatic, confident, bold; ""We can do this""; during the journey",1
"inspirational, dynamic, natural authority, bold; ""We can do this""; while exploring caves",1
"direct, dynamic, assertive, takes charge; during the journey",1
"bold, inspirational, fearless, commanding presence, dynamic; at dawn",1
"direct, decisive, bold, motivates others; while exploring caves",1
"assertive, fearless, charismatic, leader; ""Step aside, I got this""; at the market",1
"assertive, dynamic, fearless; at dawn",1
"confident, charismatic, commanding presence, assertive; ""Step aside, I got this""; at dawn",1
"bold, assertive, takes charge, confident; ""Step aside, I got this""; on the ship",1
"natural authority, direct, charismatic, takes charge; during winter",1
"fearless, decisive, dynamic; during the journey",1
"direct, takes charge, assertive, inspirational, motivates others; ""We can do this""; during winter",1
"motivates others, confident, direct; ""Follow me""; during winter",1
"leader, charismatic, takes charge, assertive, decisive; ""Follow me""; while exploring caves",1
"leader, commanding presence, fearless, natural authority, decisive; ""Step aside, I got this""; at the market",1
"bold, leader, natural authority, fearless; ""Follow me""; on the battlefield",1
"motivates others, leader, takes charge; ""Step aside, I got this""; in the library",1
"bold, takes charge, fearless, dynamic; ""Follow me""; on the battlefield",1
"leader, bold, charismatic, natural authority; during winter",1
"commanding presence, leader, dynamic, assertive; at dawn",1
"direct, takes charge, bold, commanding presence; ""Follow me""; during the journey",1
"fearless, inspirational, takes charge, confident, commanding presence; ""Step aside, I got this""; while exploring caves",1
"assertive, motivates others, leader, natural authority; ""Follow me""; in the city",1
"fearless, commanding presence, dynamic, decisive, direct; while exploring caves",1
"confident, assertive, dynamic, inspirational; on the ship",1
"inspirational, fearless, direct, motivates others, commanding presence; ""We can do this""; during the journey",1
"charismatic, direct, motivates others, leader, inspirational; ""Step aside, I got this""; in the city",1
"takes charge, dynamic, inspirational; during winter",1
"commanding presence, inspirational, fearless, bold; ""Step aside, I got this""; in the library",1
"motivates others, bold, leader, natural authority; ""We can do this""; during winter",1
"dynamic, fearless, confident, leader, takes charge; ""We can do this""; in the forest",1
"motivates others, assertive, leader, charismatic, fearless; on the battlefield",1
"fearless, takes charge, motivates others; at dawn",1
"bold, assertive, takes charge; on the ship",1
"natural authority, motivates others, assertive, takes charge, commanding presence; during winter",1
"charismatic, natural authority, motivates others, inspirational; during winter",1
"fearless, inspirational, confident; in the city",1
"natural authority, commanding presence, charismatic, bold; ""We can do this""; on the ship",1
"leader, takes charge, bold, inspirational, fearless; at dawn",1
"assertive, inspirational, motivates others; at the market",1
"direct, leader, fearless, takes charge, dynamic; on the ship",1
"assertive, decisive, bold; ""We can do this""; on the ship",1
"commanding presence, motivates others, assertive, inspirational, confident; ""Step aside, I got this""; during winter",1
"confident, inspirational, bold, commanding presence, natural authority; at the market",1
"motivates others, fearless, dynamic; at dawn",1
"inspirational, leader, bold, direct; ""Step aside, I got this""; in the library",1
"leader, assertive, confident; during winter",1
"inspirational, confident, takes charge; at dawn",1
"dynamic, takes charge, fearless, charismatic, direct; on the ship",1
"motivates others, dynamic, takes charge, bold; ""Follow me""; while exploring caves",1
"confident, fearless, inspirational; ""Step aside, I got this""; on the battlefield",1
"bold, takes charge, natural authority, direct; ""Step aside, I got this""; in the forest",1
"leader, confident, assertive; ""Step aside, I got this""; in the forest",1
"dynamic, charismatic, direct; during winter",1
"inspirational, natural authority, takes charge, bold, charismatic; while exploring caves",1
"leader, motivates others, confident; ""Step aside, I got this""; in the library",1
"bold, leader, takes charge; during winter",1
"fearless, charismatic, assertive, commanding presence, dynamic; during the journey",1
"inspirational, confident, dynamic, decisive, takes charge; ""We can do this""; in the forest",1
"leader, commanding presence, motivates others, decisive; ""We can do this""; in the library",1
"dynamic, natural authority, fearless, decisive, commanding presence; in the city",1
"fearless, confident, bold, assertive; at dawn",1
"bold, decisive, takes charge; in the city",1
"commanding presence, decisive, direct, confident, inspirational; ""Follow me""; at the market",1
"direct, charismatic, takes charge; ""Follow me""; at dawn",1
"emotionally aware, caring, empathetic; ""Don't worry, I’ll help""; on the battlefield",2
"emotionally aware, attentive to others, warm, nurturing; while exploring caves",2
"healer, gentle, protective, emotionally aware; at the market",2
"protective, healer, caring, supportive, emotionally aware; ""You’re not alone""; in the forest",2
"nurturing, caring, gentle, warm; while exploring caves",2
"healer, caring, warm, attentive to others; ""You’re not alone""; in the library",2
"selfless, warm, gentle, attentive to others; on the ship",2
"emotionally aware, attentive to others, helpful; ""You’re not alone""; in the city",2
"kind-hearted, healer, helpful, emotionally aware, supportive; ""Are you okay?""; at dawn",2
"supportive, attentive to others, gentle; ""Don't worry, I’ll help""; at dawn",2
"nurturing, kind-hearted, healer, selfless, supportive; ""Are you okay?""; on the ship",2
"supportive, helpful, healer; on the battlefield",2
"emotionally aware, empathetic, protective; ""Are you okay?""; on the battlefield",2
"protective, empathetic, compassionate; ""Don't worry, I’ll help""; at dawn",2
"empathetic, nurturing, healer; ""Don't worry, I’ll help""; in the city",2
"empathetic, nurturing, caring; at the market",2
"empathetic, emotionally aware, warm, attentive to others; during winter",2
"protective, gentle, selfless, helpful, attentive to others; in the forest",2
"kind-hearted, nurturing, warm, helpful, empathetic; at the market",2
"healer, attentive to others, protective; in the library",2
"kind-hearted, selfless, caring, warm, compassionate; ""Don't worry, I’ll help""; during winter",2
"supportive, compassionate, caring; during winter",2
"empathetic, nurturing, kind-hearted, compassionate, attentive to others; ""You’re not alone""; while exploring caves",2
"caring, kind-hearted, selfless, protective, healer; ""Don't worry, I’ll help""; in the library",2
"kind-hearted, warm, caring, emotionally aware, selfless; ""Are you okay?""; at the market",2
"attentive to others, supportive, empathetic, selfless; ""Don't worry, I’ll help""; during winter",2
"gentle, protective, helpful; during winter",2
"kind-hearted, selfless, helpful, gentle; ""Don't worry, I’ll help""; in the library",2
"helpful, emotionally aware, protective, supportive, gentle; during winter",2
"supportive, gentle, protective; ""Are you okay?""; during winter",2
"gentle, caring, helpful, nurturing, protective; on the battlefield",2
"selfless, emotionally aware, compassionate; ""Are you okay?""; on the battlefield",2
"caring, selfless, empathetic; on the battlefield",2
"selfless, emotionally aware, empathetic, attentive to others, helpful; ""Are you okay?""; during winter",2
"emotionally aware, empathetic, compassionate, caring, gentle; ""Are you okay?""; in the city",2
"healer, gentle, supportive, empathetic, compassionate; during winter",2
"caring, healer, helpful, compassionate, protective; ""Don't worry, I’ll help""; at dawn",2
"helpful, gentle, healer; while exploring caves",2
"empathetic, gentle, kind-hearted; ""You’re not alone""; at the market",2
"compassionate, healer, attentive to others, gentle, helpful; at dawn",2
"supportive, gentle, caring; ""You’re not alone""; at the market",2
"gentle, caring, kind-hearted, compassionate, selfless; ""You’re not alone""; on the ship",2
"healer, helpful, warm, attentive to others, nurturing; in the forest",2
"protective, helpful, warm, healer; ""Don't worry, I’ll help""; in the city",2
"emotionally aware, nurturing, caring, gentle, healer; ""Don't worry, I’ll help""; at dawn",2
"healer, caring, compassionate, kind-hearted; ""Don't worry, I’ll help""; during the journey",2
"empathetic, caring, attentive to others; while exploring caves",2
"caring, kind-hearted, compassionate; during the journey",2
"gentle, helpful, empathetic, nurturing; at the market",2
"caring, helpful, nurturing, supportive; in the forest",2
"protective, emotionally aware, healer, warm, nurturing; ""Don't worry, I’ll help""; at dawn",2
"caring, selfless, empathetic; in the library",2
"helpful, protective, nurturing, compassionate; ""Are you okay?""; in the forest",2
"attentive to others, supportive, warm; in the forest",2
"caring, selfless, gentle, attentive to others; ""Don't worry, I’ll help""; during the journey",2
"selfless, healer, attentive to others, compassionate; on the battlefield",2
"empathetic, compassionate, nurturing, gentle; at dawn",2
"emotionally aware, nurturing, supportive, healer; during the journey",2
"nurturing, supportive, healer, kind-hearted; on the battlefield",2
"attentive to others, healer, selfless, empathetic; ""Don't worry, I’ll help""; in the city",2
"caring, emotionally aware, helpful; while exploring caves",2
"caring, compassionate, healer, gentle; on the battlefield",2
"healer, supportive, emotionally aware, kind-hearted, nurturing; in the library",2
"helpful, healer, selfless; ""You’re not alone""; in the city",2
"caring, emotionally aware, selfless; ""You’re not alone""; at the market",2
"compassionate, supportive, healer, kind-hearted, warm; during the journey",2
"gentle, helpful, kind-hearted; ""Don't worry, I’ll help""; at dawn",2
"empathetic, selfless, attentive to others, healer; on the ship",2
"healer, empathetic, attentive to others, warm; while exploring caves",2
"kind-hearted, emotionally aware, selfless, attentive to others; at dawn",2
"selfless, protective, helpful; ""You’re not alone""; in the city",2
"emotionally aware, selfless, nurturing, caring; ""Don't worry, I’ll help""; during winter",2
"caring, kind-hearted, emotionally aware, helpful, empathetic; ""Are you okay?""; on the ship",2
"emotionally aware, helpful, warm, attentive to others; while exploring caves",2
"protective, empathetic, attentive to others; ""Don't worry, I’ll help""; on the ship",2
"selfless, supportive, nurturing, emotionally aware; ""Don't worry, I’ll help""; in the library",2
"nurturing, warm, helpful; ""Are you okay?""; in the forest",2
"caring, kind-hearted, empathetic, healer; ""Don't worry, I’ll help""; while exploring caves",2
"healer, emotionally aware, nurturing, selfless; ""Are you okay?""; while exploring caves",2
"attentive to others, selfless, protective, supportive; in the city",2
"emotionally aware, kind-hearted, gentle, nurturing, compassionate; ""You’re not alone""; at dawn",2
"selfless, compassionate, healer, gentle; at dawn",2
"kind-hearted, compassionate, emotionally aware, selfless; while exploring caves",2
"selfless, attentive to others, protective, supportive; ""You’re not alone""; in the library",2
"attentive to others, warm, empathetic, kind-hearted; during the journey",2
"protective, compassionate, gentle, emotionally aware; in the library",2
"gentle, emotionally aware, helpful, supportive, selfless; ""You’re not alone""; in the forest",2
"nurturing, empathetic, healer, helpful, caring; at the market",2
"attentive to others, warm, healer, kind-hearted, protective; on the ship",2
"healer, protective, nurturing; while exploring caves",2
"emotionally aware, gentle, helpful, empathetic, kind-hearted; ""Don't worry, I’ll help""; in the library",2
"nurturing, attentive to others, compassionate, gentle, supportive; on the battlefield",2
"kind-hearted, empathetic, compassionate, helpful; while exploring caves",2
"supportive, emotionally aware, warm; ""Don't worry, I’ll help""; during the journey",2
"helpful, nurturing, selfless; on the ship",2
"attentive to others, empathetic, protective; at the market",2
"attentive to others, emotionally aware, kind-hearted; on the ship",2
"kind-hearted, protective, caring, healer, nurturing; in the library",2
"kind-hearted, gentle, selfless, protective; ""Are you okay?""; in the forest",2
"warm, caring, protective, kind-hearted, selfless; in the library",2
"emotionally aware, helpful, empathetic, kind-hearted, warm; in the forest",2
"caring, supportive, healer, selfless, empathetic; ""Are you okay?""; on the ship",2
"kind-hearted, warm, healer; ""You’re not alone""; at the market",2
"protective, compassionate, helpful; ""You’re not alone""; during the journey",2
"gentle, nurturing, supportive; during the journey",2
"empathetic, nurturing, kind-hearted; at dawn",2
"helpful, nurturing, compassionate, supportive, empathetic; while exploring caves",2
"compassionate, warm, nurturing; ""You’re not alone""; in the forest",2
"emotionally aware, gentle, helpful, kind-hearted, warm; ""You’re not alone""; at dawn",2
"gentle, attentive to others, kind-hearted, healer; on the ship",2
"attentive to others, kind-hearted, empathetic, compassionate; in the library",2
"compassionate, kind-hearted, healer, warm; ""You’re not alone""; during winter",2
"kind-hearted, nurturing, empathetic, healer; at the market",2
"selfless, warm, helpful, attentive to others, healer; ""Are you okay?""; in the city",2
"empathetic, gentle, healer, emotionally aware, nurturing; at the market",2
"selfless, helpful, nurturing, healer; ""Don't worry, I’ll help""; at dawn",2
"kind-hearted, selfless, attentive to others; while exploring caves",2
"nurturing, protective, attentive to others; during the journey",2
"gentle, compassionate, protective, kind-hearted, selfless; at dawn",2
"attentive to others, helpful, selfless; ""Don't worry, I’ll help""; at the market",2
"protective, empathetic, nurturing; on the battlefield",2
"nurturing, healer, empathetic, supportive, kind-hearted; ""Are you okay?""; in the city",2
"caring, supportive, compassionate, gentle, nurturing; ""Are you okay?""; at dawn",2
"protective, gentle, helpful; ""Are you okay?""; during the journey",2
"empathetic, caring, attentive to others, selfless; at the market",2
"healer, gentle, emotionally aware, kind-hearted; ""Are you okay?""; in the city",2
"gentle, helpful, protective; ""You’re not alone""; in the forest",2
"kind-hearted, healer, protective, helpful, nurturing; ""Are you okay?""; while exploring caves",2
"empathetic, gentle, compassionate; ""Don't worry, I’ll help""; at dawn",2
"empathetic, nurturing, kind-hearted, caring, gentle; in the city",2
"emotionally aware, helpful, kind-hearted, caring, compassionate; ""Are you okay?""; during the journey",2
"helpful, selfless, compassionate; ""Don't worry, I’ll help""; at the market",2
"healer, selfless, emotionally aware; ""You’re not alone""; on the battlefield",2
"warm, caring, supportive, helpful, compassionate; in the library",2
"emotionally aware, supportive, warm, nurturing; ""Don't worry, I’ll help""; in the forest",2
"nurturing, helpful, attentive to others, gentle, emotionally aware; ""Don't worry, I’ll help""; in the library",2
"kind-hearted, emotionally aware, supportive, protective, caring; ""Don't worry, I’ll help""; while exploring caves",2
"healer, protective, empathetic, emotionally aware, attentive to others; ""Are you okay?""; during winter",2
"attentive to others, protective, helpful, caring; ""Don't worry, I’ll help""; in the city",2
"compassionate, helpful, empathetic; ""Don't worry, I’ll help""; in the forest",2
"gentle, protective, kind-hearted, emotionally aware; ""Don't worry, I’ll help""; in the city",2
"supportive, gentle, selfless, protective, nurturing; at the market",2
"warm, kind-hearted, emotionally aware, compassionate, empathetic; ""Are you okay?""; during winter",2
"emotionally aware, attentive to others, kind-hearted; in the library",2
"nurturing, gentle, emotionally aware, attentive to others; ""Don't worry, I’ll help""; in the forest",2
"supportive, gentle, attentive to others; in the forest",2
"protective, empathetic, attentive to others, helpful, supportive; ""You’re not alone""; at dawn",2
"emotionally aware, nurturing, helpful; while exploring caves",2
"caring, emotionally aware, kind-hearted, compassionate; while exploring caves",2
"nurturing, emotionally aware, helpful, selfless; ""You’re not alone""; at dawn",2
"emotionally aware, healer, gentle, selfless, helpful; ""You’re not alone""; in the city",2
"caring, kind-hearted, healer, emotionally aware; at the market",2
"helpful, supportive, kind-hearted, caring, empathetic; in the city",2
"compassionate, empathetic, emotionally aware; at the market",2
"compassionate, protective, emotionally aware; in the city",2
"nurturing, warm, protective; on the battlefield",2
"caring, protective, healer, warm, helpful; at the market",2
"healer, empathetic, kind-hearted, warm, supportive; ""Don't worry, I’ll help""; at dawn",2
"healer, protective, warm, selfless; at dawn",2
"compassionate, emotionally aware, nurturing; ""You’re not alone""; during the journey",2
"selfless, emotionally aware, attentive to others, empathetic; ""Don't worry, I’ll help""; during the journey",2
"warm, caring, kind-hearted, selfless; at the market",2
"supportive, gentle, nurturing, protective, attentive to others; at dawn",2
"healer, nurturing, helpful, kind-hearted, emotionally aware; ""Don't worry, I’ll help""; at the market",2
"kind-hearted, helpful, healer, nurturing, attentive to others; ""You’re not alone""; during winter",2
"kind-hearted, healer, attentive to others, empathetic, selfless; during the journey",2
"empathetic, compassionate, warm, healer; ""Don't worry, I’ll help""; in the library",2
"supportive, helpful, compassionate; ""Are you okay?""; during winter",2
"healer, supportive, helpful, kind-hearted; ""Don't worry, I’ll help""; during the journey",2
"kind-hearted, nurturing, attentive to others, helpful; ""Are you okay?""; in the city",2
"gentle, helpful, protective, attentive to others, empathetic; at dawn",2
"empathetic, compassionate, emotionally aware, supportive, warm; ""Are you okay?""; at dawn",2
"warm, protective, nurturing, empathetic, compassionate; in the library",2
"caring, selfless, warm, protective; ""You’re not alone""; on the battlefield",2
"warm, emotionally aware, protective; ""Don't worry, I’ll help""; in the city",2
"protective, selfless, warm, emotionally aware; at dawn",2
"attentive to others, healer, gentle, warm, empathetic; during winter",2
"caring, warm, gentle; ""You’re not alone""; at the market",2
"compassionate, selfless, helpful, caring; ""Don't worry, I’ll help""; during winter",2
"supportive, helpful, emotionally aware, gentle, empathetic; on the ship",2
"kind-hearted, emotionally aware, caring, compassionate; ""Don't worry, I’ll help""; while exploring caves",2
"protective, empathetic, kind-hearted; in the forest",2
"caring, selfless, gentle, nurturing; ""Don't worry, I’ll help""; while exploring caves",2
"helpful, healer, gentle, protective, attentive to others; in the library",2
"caring, kind-hearted, emotionally aware; ""Are you okay?""; during the journey",2
"healer, compassionate, nurturing; ""You’re not alone""; during winter",2
"nurturing, warm, supportive, caring, selfless; at dawn",2
"warm, kind-hearted, healer, emotionally aware; at the market",2
"warm, attentive to others, empathetic, helpful, emotionally aware; in the library",2
"empathetic, warm, attentive to others, helpful; ""Don't worry, I’ll help""; at the market",2
"warm, selfless, nurturing; ""Don't worry, I’ll help""; in the forest",2
"warm, empathetic, nurturing, protective, helpful; ""Don't worry, I’ll help""; in the forest",2
"protective, emotionally aware, empathetic; ""Are you okay?""; at the market",2
"selfless, helpful, protective, healer, caring; during winter",2
"warm, emotionally aware, compassionate, attentive to others, kind-hearted; ""You’re not alone""; at the market",2
"caring, warm, empathetic, nurturing; while exploring caves",2
"kind-hearted, emotionally aware, attentive to others; ""You’re not alone""; on the ship",2
"gentle, healer, kind-hearted; during the journey",2
"warm, empathetic, helpful, healer; ""You’re not alone""; in the forest",2
"attentive to others, helpful, nurturing, compassionate, gentle; ""You’re not alone""; during winter",2
"emotionally aware, protective, empathetic, healer; ""Are you okay?""; at the market",2
"protective, healer, selfless; in the city",2
"gentle, selfless, kind-hearted; during the journey",2
"empathetic, helpful, nurturing; ""You’re not alone""; at dawn",2
"compassionate, healer, warm; at the market",2
"kind-hearted, nurturing, helpful, selfless; ""Don't worry, I’ll help""; during winter",2
"helpful, nurturing, warm; ""Don't worry, I’ll help""; in the city",2
"selfless, nurturing, supportive; in the forest",2
"supportive, nurturing, selfless, warm; ""You’re not alone""; on the battlefield",2
"caring, empathetic, healer, gentle; ""You’re not alone""; in the city",2
"warm, caring, emotionally aware, kind-hearted, empathetic; ""Don't worry, I’ll help""; in the city",2
"compassionate, selfless, warm, emotionally aware; at dawn",2
"gentle, selfless, emotionally aware; ""You’re not alone""; in the city",2
"warm, caring, nurturing, helpful, kind-hearted; in the city",2
"warm, compassionate, supportive, protective; ""You’re not alone""; at dawn",2
"kind-hearted, helpful, protective, warm, healer; ""You’re not alone""; while exploring caves",2
"supportive, attentive to others, nurturing, empathetic, selfless; ""Don't worry, I’ll help""; during winter",2
"attentive to others, supportive, caring; ""Don't worry, I’ll help""; at the market",2
"healer, kind-hearted, emotionally aware; ""Don't worry, I’ll help""; while exploring caves",2
"selfless, healer, supportive, warm, protective; in the city",2
"caring, warm, compassionate, kind-hearted; on the ship",2
"protective, compassionate, supportive, healer; ""You’re not alone""; on the ship",2
"healer, helpful, kind-hearted; ""You’re not alone""; in the forest",2
"gentle, emotionally aware, compassionate, warm, nurturing; on the battlefield",2
"gentle, warm, supportive, attentive to others; while exploring caves",2
"protective, empathetic, healer, compassionate, nurturing; during winter",2
"compassionate, protective, empathetic, attentive to others; while exploring caves",2
"protective, helpful, selfless, kind-hearted; ""You’re not alone""; at the market",2
"nurturing, attentive to others, caring; on the battlefield",2
"protective, kind-hearted, compassionate, empathetic, supportive; ""Don't worry, I’ll help""; at dawn",2
"healer, compassionate, emotionally aware, selfless; ""Don't worry, I’ll help""; on the ship",2
"empathetic, attentive to others, healer, supportive; in the library",2
"protective, emotionally aware, gentle; ""You’re not alone""; in the library",2
"warm, attentive to others, gentle, healer, selfless; ""Are you okay?""; during the journey",2
"empathetic, supportive, nurturing; on the battlefield",2
"nurturing, protective, gentle; in the library",2
"warm, protective, gentle, attentive to others, helpful; in the city",2
"selfless, kind-hearted, emotionally aware, empathetic; ""You’re not alone""; on the battlefield",2
"empathetic, healer, kind-hearted; on the battlefield",2
"supportive, emotionally aware, empathetic, attentive to others; on the battlefield",2
"compassionate, helpful, protective, attentive to others, emotionally aware; during winter",2
"emotionally aware, caring, selfless; at dawn",2
"kind-hearted, selfless, nurturing, empathetic, emotionally aware; on the ship",2
"emotionally aware, helpful, healer, selfless; at the market",2
"empathetic, nurturing, protective; on the battlefield",2
"attentive to others, helpful, gentle; in the city",2
"gentle, kind-hearted, protective; on the ship",2
"compassionate, nurturing, selfless; ""Are you okay?""; while exploring caves",2
"protective, supportive, warm, healer; while exploring caves",2
"selfless, emotionally aware, helpful, empathetic, warm; in the city",2
"nurturing, kind-hearted, protective, attentive to others; during the journey",2
"empathetic, gentle, nurturing; ""Are you okay?""; during winter",2
"caring, empathetic, protective; on the battlefield",2
"warm, supportive, attentive to others, protective; ""You’re not alone""; while exploring caves",2
"emotionally aware, kind-hearted, selfless; in the city",2
"supportive, healer, emotionally aware; on the battlefield",2
"protective, compassionate, warm, healer, supportive; at dawn",2
"selfless, protective, caring, healer; in the city",2
"gentle, kind-hearted, emotionally aware, helpful; ""Are you okay?""; during winter",2
"empathetic, nurturing, warm, healer, kind-hearted; ""Are you okay?""; on the battlefield",2
"compassionate, kind-hearted, selfless, helpful, gentle; at the market",2
"helpful, compassionate, protective; ""Don't worry, I’ll help""; on the ship",2
"protective, empathetic, nurturing, selfless; in the forest",2
"healer, attentive to others, compassionate, emotionally aware; in the city",2
"emotionally aware, helpful, warm; at the market",2
"supportive, warm, protective, emotionally aware; during winter",2
"healer, gentle, compassionate, supportive, caring; in the library",2
"supportive, helpful, nurturing, compassionate; ""Don't worry, I’ll help""; on the battlefield",2
"supportive, caring, helpful, healer; in the library",2
"empathetic, healer, compassionate, caring; ""You’re not alone""; during winter",2
"supportive, protective, kind-hearted, compassionate, warm; ""Are you okay?""; at the market",2
"warm, empathetic, nurturing, protective, caring; during winter",2
"warm, protective, gentle, attentive to others; on the ship",2
"gentle, healer, kind-hearted, selfless; ""You’re not alone""; in the library",2
"healer, compassionate, caring, emotionally aware; while exploring caves",2
"empathetic, helpful, supportive, gentle; ""Are you okay?""; at dawn",2
"attentive to others, kind-hearted, compassionate, warm, gentle; in the library",2
"helpful, kind-hearted, supportive, emotionally aware; on the battlefield",2
"supportive, gentle, empathetic, nurturing, compassionate; ""Are you okay?""; at dawn",2
"kind-hearted, attentive to others, selfless; ""Are you okay?""; during the journey",2
"emotionally aware, nurturing, kind-hearted, selfless, healer; during winter",2
"healer, compassionate, selfless, protective, emotionally aware; ""You’re not alone""; on the battlefield",2
"compassionate, caring, empathetic; during the journey",2
"empathetic, nurturing, supportive, compassionate; during winter",2
"kind-hearted, nurturing, healer, compassionate, caring; in the library",2
"emotionally aware, empathetic, nurturing, healer; ""Are you okay?""; in the library",2
"healer, helpful, kind-hearted; ""Are you okay?""; while exploring caves",2
"empathetic, helpful, selfless, gentle; ""Don't worry, I’ll help""; at the market",2
"protective, healer, attentive to others, warm; ""Don't worry, I’ll help""; while exploring caves",2
"helpful, warm, gentle, healer; ""Don't worry, I’ll help""; during winter",2
"empathetic, gentle, caring; while exploring caves",2
"emotionally aware, selfless, empathetic; ""Don't worry, I’ll help""; at dawn",2
"caring, nurturing, gentle; ""Are you okay?""; in the forest",2
"caring, attentive to others, emotionally aware, compassionate; ""Don't worry, I’ll help""; at the market",2
"healer, nurturing, supportive, warm, selfless; ""Don't worry, I’ll help""; at dawn",2
"selfless, protective, emotionally aware, attentive to others, warm; in the forest",2
"healer, nurturing, gentle, emotionally aware; during the journey",2
"helpful, kind-hearted, empathetic; ""Don't worry, I’ll help""; in the forest",2
"attentive to others, helpful, gentle; ""You’re not alone""; while exploring caves",2
"helpful, healer, supportive; during winter",2
"rebellious, unpredictable, spontaneous; ""Rules are for others""; in the city",3
"unconventional, nonconformist, lively, unpredictable; ""Why not try it?""; in the forest",3
"unpredictable, playful, impulsive, adaptable; at the market",3
"playful, lively, adventurous, unconventional, rebellious; ""Let's see what happens""; in the forest",3
"adaptable, spontaneous, witty, playful; ""Rules are for others""; while exploring caves",3
"unpredictable, spontaneous, rebellious; ""Why not try it?""; in the library",3
"adaptable, spontaneous, unpredictable, lively; while exploring caves",3
"chaotic, playful, rebellious, nonconformist; ""Let's see what happens""; on the ship",3
"spontaneous, rebellious, lively; in the city",3
"witty, free-spirited, nonconformist, energetic; on the ship",3
"lively, rebellious, adventurous; on the battlefield",3
"nonconformist, energetic, witty, unpredictable, playful; ""Why not try it?""; at dawn",3
"witty, playful, energetic, nonconformist, free-spirited; ""Rules are for others""; at the market",3
"chaotic, energetic, lively, spontaneous, adaptable; ""Let's see what happens""; on the ship",3
"nonconformist, free-spirited, energetic, adaptable, spontaneous; at the market",3
"free-spirited, impulsive, unconventional; ""Let's see what happens""; on the battlefield",3
"nonconformist, witty, adventurous, unconventional; in the city",3
"rebellious, adventurous, chaotic, spontaneous; in the city",3
"chaotic, impulsive, lively, playful; during the journey",3
"nonconformist, impulsive, witty, adventurous; ""Rules are for others""; on the ship",3
"rebellious, unpredictable, unconventional, playful, chaotic; ""Rules are for others""; on the battlefield",3
"adaptable, chaotic, energetic; in the city",3
"nonconformist, energetic, adventurous; in the library",3
"impulsive, energetic, unconventional, lively, playful; ""Rules are for others""; during winter",3
"playful, nonconformist, chaotic; on the battlefield",3
"nonconformist, witty, rebellious, lively, energetic; ""Rules are for others""; in the forest",3
"unpredictable, nonconformist, lively, adventurous; ""Why not try it?""; while exploring caves",3
"free-spirited, nonconformist, playful; in the city",3
"adaptable, lively, unpredictable, impulsive; ""Let's see what happens""; in the city",3
"lively, witty, adaptable, energetic; ""Rules are for others""; in the library",3
"witty, impulsive, nonconformist, unpredictable; on the ship",3
"rebellious, witty, nonconformist, unpredictable, free-spirited; ""Let's see what happens""; while exploring caves",3
"unpredictable, impulsive, rebellious; ""Let's see what happens""; in the library",3
"free-spirited, unconventional, nonconformist; during winter",3
"nonconformist, unconventional, lively; ""Why not try it?""; in the city",3
"unconventional, unpredictable, witty, adventurous; in the city",3
"nonconformist, impulsive, chaotic, unconventional; while exploring caves",3
"spontaneous, chaotic, impulsive, adaptable, unconventional; during the journey",3
"spontaneous, playful, chaotic, witty; in the forest",3
"chaotic, spontaneous, unpredictable, nonconformist, witty; ""Why not try it?""; during the journey",3
"playful, free-spirited, unconventional, chaotic, energetic; ""Why not try it?""; in the library",3
"witty, adventurous, energetic, chaotic; on the ship",3
"free-spirited, unconventional, adventurous, unpredictable; during winter",3
"spontaneous, playful, unconventional; ""Let's see what happens""; on the ship",3
"adventurous, playful, energetic; ""Why not try it?""; in the city",3
"unpredictable, playful, unconventional, impulsive, nonconformist; ""Rules are for others""; during winter",3
"chaotic, rebellious, unpredictable, free-spirited, adaptable; ""Rules are for others""; on the ship",3
"free-spirited, chaotic, impulsive, unpredictable, rebellious; ""Why not try it?""; at dawn",3
"spontaneous, chaotic, unconventional, rebellious, unpredictable; ""Why not try it?""; at dawn",3
"witty, rebellious, chaotic, adventurous, unconventional; ""Why not try it?""; at dawn",3
"free-spirited, unconventional, witty; during winter",3
"unpredictable, playful, witty, adventurous, chaotic; ""Let's see what happens""; on the battlefield",3
"impulsive, chaotic, rebellious, witty; at the market",3
"witty, unconventional, playful; on the ship",3
"lively, spontaneous, adaptable, adventurous; ""Why not try it?""; during the journey",3
"impulsive, free-spirited, witty; during the journey",3
"unconventional, witty, chaotic, energetic, rebellious; ""Rules are for others""; while exploring caves",3
"impulsive, rebellious, unpredictable; ""Rules are for others""; during the journey",3
"unconventional, chaotic, adaptable, unpredictable; ""Why not try it?""; at dawn",3
"chaotic, rebellious, spontaneous, adventurous; ""Let's see what happens""; in the forest",3
"unpredictable, rebellious, impulsive, witty, unconventional; ""Let's see what happens""; at the market",3
"witty, unconventional, playful; ""Rules are for others""; during winter",3
"energetic, impulsive, lively, playful; in the library",3
"free-spirited, nonconformist, adventurous; during the journey",3
"witty, nonconformist, impulsive, adventurous; in the city",3
"witty, lively, rebellious, playful; in the library",3
"playful, nonconformist, adventurous; ""Why not try it?""; at the market",3
"free-spirited, witty, lively, nonconformist, unconventional; ""Let's see what happens""; at the market",3
"impulsive, energetic, adventurous, rebellious, unpredictable; ""Let's see what happens""; in the city",3
"lively, chaotic, rebellious, playful; in the forest",3
"rebellious, unpredictable, witty; on the ship",3
"unpredictable, adaptable, chaotic; ""Rules are for others""; on the battlefield",3
"nonconformist, chaotic, playful, spontaneous, energetic; ""Let's see what happens""; at the market",3
"playful, spontaneous, chaotic, unconventional, lively; ""Why not try it?""; while exploring caves",3
"energetic, free-spirited, playful, rebellious, chaotic; while exploring caves",3
"lively, chaotic, adventurous; in the library",3
"unconventional, energetic, nonconformist, free-spirited, unpredictable; in the forest",3
"lively, adaptable, playful, chaotic, adventurous; at dawn",3
"chaotic, unconventional, witty, free-spirited; at dawn",3
"chaotic, witty, adaptable, free-spirited, playful; ""Why not try it?""; during winter",3
"nonconformist, lively, playful, adventurous, impulsive; ""Rules are for others""; in the library",3
"rebellious, unpredictable, adaptable; ""Rules are for others""; while exploring caves",3
"impulsive, playful, adventurous, spontaneous, free-spirited; ""Why not try it?""; in the library",3
"unpredictable, nonconformist, adventurous, chaotic, free-spirited; ""Rules are for others""; at the market",3
"free-spirited, witty, rebellious, nonconformist; ""Why not try it?""; on the battlefield",3
"witty, chaotic, adaptable; ""Why not try it?""; in the forest",3
"free-spirited, rebellious, playful, energetic; while exploring caves",3
"energetic, adventurous, free-spirited, witty, playful; at the market",3
"lively, playful, witty, adventurous; ""Why not try it?""; during the journey",3
"witty, spontaneous, adaptable, playful, adventurous; in the forest",3
"unconventional, impulsive, lively, free-spirited, playful; ""Let's see what happens""; while exploring caves",3
"spontaneous, playful, unpredictable; during the journey",3
"energetic, spontaneous, chaotic, adventurous; ""Why not try it?""; in the city",3
"impulsive, chaotic, unpredictable; ""Let's see what happens""; during the journey",3
"free-spirited, adventurous, energetic; on the battlefield",3
"witty, unconventional, spontaneous; on the ship",3
"rebellious, energetic, playful, chaotic, lively; ""Why not try it?""; on the battlefield",3
"unconventional, free-spirited, playful, adventurous; at dawn",3
"spontaneous, impulsive, adaptable, adventurous; in the library",3
"witty, energetic, adaptable, nonconformist; ""Rules are for others""; while exploring caves",3
"energetic, playful, free-spirited; at the market",3
"impulsive, lively, spontaneous, nonconformist; on the battlefield",3
"adaptable, unconventional, playful, adventurous, unpredictable; ""Rules are for others""; while exploring caves",3
"nonconformist, playful, chaotic; ""Rules are for others""; at dawn",3
"impulsive, adventurous, nonconformist, energetic, lively; during the journey",3
"lively, adventurous, adaptable, nonconformist; ""Rules are for others""; while exploring caves",3
"nonconformist, lively, playful, chaotic; in the forest",3
"nonconformist, adaptable, rebellious, energetic, playful; during the journey",3
"adventurous, unpredictable, spontaneous, free-spirited, rebellious; during the journey",3
"impulsive, unpredictable, unconventional, nonconformist, free-spirited; on the battlefield",3
"energetic, free-spirited, rebellious, playful, chaotic; in the forest",3
"free-spirited, impulsive, unconventional, nonconformist; during the journey",3
"spontaneous, witty, energetic, impulsive, unconventional; ""Rules are for others""; on the battlefield",3
"adventurous, unconventional, playful; ""Rules are for others""; at dawn",3
"energetic, chaotic, adventurous, impulsive, spontaneous; ""Rules are for others""; during the journey",3
"rebellious, playful, free-spirited, witty; on the ship",3
"energetic, unpredictable, adaptable; at the market",3
"adventurous, nonconformist, spontaneous; in the forest",3
"unpredictable, spontaneous, lively, impulsive, free-spirited; ""Rules are for others""; while exploring caves",3
"energetic, unpredictable, adaptable, witty, nonconformist; in the city",3
"free-spirited, rebellious, adaptable; ""Rules are for others""; on the ship",3
"energetic, spontaneous, impulsive, witty; in the forest",3
"unconventional, nonconformist, rebellious; in the library",3
"spontaneous, rebellious, free-spirited, adventurous, impulsive; ""Why not try it?""; in the forest",3
"energetic, chaotic, witty; during the journey",3
"unconventional, free-spirited, impulsive, spontaneous; on the ship",3
"lively, playful, impulsive, unpredictable, spontaneous; during the journey",3
"free-spirited, impulsive, spontaneous, adaptable; during winter",3
"witty, nonconformist, free-spirited, impulsive, energetic; ""Let's see what happens""; at dawn",3
"impulsive, adaptable, unpredictable, free-spirited, nonconformist; ""Rules are for others""; during the journey",3
"lively, adventurous, spontaneous; in the library",3
"unconventional, unpredictable, impulsive; during the journey",3
"energetic, impulsive, adaptable; in the library",3
"energetic, rebellious, lively; at dawn",3
"chaotic, playful, nonconformist, energetic; ""Let's see what happens""; while exploring caves",3
"adventurous, unconventional, adaptable; in the city",3
"free-spirited, impulsive, nonconformist, energetic; ""Rules are for others""; at dawn",3
"unconventional, free-spirited, witty; ""Rules are for others""; in the city",3
"adaptable, playful, spontaneous, witty; ""Why not try it?""; in the library",3
"lively, energetic, nonconformist, chaotic, impulsive; at dawn",3
"unconventional, witty, lively, chaotic, adaptable; at the market",3
"energetic, unconventional, lively, impulsive, unpredictable; ""Let's see what happens""; during the journey",3
"lively, witty, playful, rebellious, free-spirited; during the journey",3
"energetic, playful, chaotic, unconventional; ""Why not try it?""; at dawn",3
"nonconformist, adaptable, playful, impulsive; at the market",3
"spontaneous, energetic, rebellious, unpredictable; ""Let's see what happens""; on the ship",3
"unpredictable, rebellious, playful, impulsive; during winter",3
"adventurous, adaptable, chaotic, energetic; ""Why not try it?""; at the market",3
"rebellious, witty, spontaneous, chaotic, impulsive; ""Why not try it?""; in the library",3
"witty, spontaneous, unconventional, playful; on the battlefield",3
"nonconformist, free-spirited, adaptable, witty, playful; ""Rules are for others""; while exploring caves",3
"energetic, nonconformist, impulsive, lively, witty; ""Why not try it?""; while exploring caves",3
"chaotic, lively, adaptable; ""Why not try it?""; at dawn",3
"spontaneous, impulsive, energetic; ""Rules are for others""; in the forest",3
"unconventional, free-spirited, energetic; during the journey",3
"chaotic, energetic, unconventional, playful, lively; ""Rules are for others""; during winter",3
"playful, spontaneous, witty, free-spirited; on the ship",3
"free-spirited, energetic, spontaneous, rebellious; ""Why not try it?""; in the city",3
"nonconformist, playful, spontaneous, chaotic, lively; at dawn",3
"spontaneous, impulsive, energetic, free-spirited; at dawn",3
"playful, adaptable, free-spirited; ""Rules are for others""; during winter",3
"adventurous, adaptable, impulsive; in the forest",3
"adaptable, free-spirited, playful, energetic, nonconformist; ""Let's see what happens""; during the journey",3
"lively, impulsive, energetic; ""Why not try it?""; while exploring caves",3
"rebellious, witty, spontaneous, nonconformist, unpredictable; ""Let's see what happens""; at the market",3
"witty, chaotic, unpredictable; ""Let's see what happens""; during the journey",3
"unconventional, unpredictable, energetic; at the market",3
"playful, impulsive, nonconformist; during winter",3
"adaptable, unconventional, adventurous, unpredictable; ""Rules are for others""; during the journey",3
"nonconformist, lively, unconventional, adaptable; ""Let's see what happens""; during winter",3
"nonconformist, energetic, spontaneous, lively, unconventional; in the forest",3
"nonconformist, impulsive, lively, unpredictable, free-spirited; while exploring caves",3
"adaptable, chaotic, lively, spontaneous; at dawn",3
"unconventional, adaptable, unpredictable, nonconformist, spontaneous; ""Why not try it?""; during winter",3
"adventurous, spontaneous, lively, impulsive, playful; at the market",3
"playful, nonconformist, adventurous, impulsive; ""Rules are for others""; in the city",3
"rebellious, adventurous, impulsive, unpredictable, adaptable; at dawn",3
"rebellious, adaptable, spontaneous, free-spirited; ""Let's see what happens""; at the market",3
"adventurous, rebellious, unconventional, chaotic; ""Why not try it?""; on the ship",3
"chaotic, nonconformist, free-spirited; in the city",3
"adventurous, chaotic, lively, energetic, witty; ""Let's see what happens""; in the forest",3
"free-spirited, spontaneous, energetic, adaptable, adventurous; in the library",3
"unconventional, adaptable, witty, spontaneous; in the library",3
"chaotic, spontaneous, lively, playful, adventurous; ""Rules are for others""; in the forest",3
"adaptable, spontaneous, playful, unconventional, free-spirited; while exploring caves",3
"rebellious, adventurous, impulsive, chaotic; ""Why not try it?""; in the forest",3
"unconventional, witty, free-spirited, rebellious, impulsive; ""Rules are for others""; in the forest",3
"adaptable, lively, nonconformist, adventurous; ""Let's see what happens""; during winter",3
"playful, energetic, chaotic, adaptable; ""Why not try it?""; at dawn",3
"free-spirited, unpredictable, spontaneous, energetic; in the city",3
"adaptable, spontaneous, impulsive, free-spirited, chaotic; ""Let's see what happens""; in the city",3
"chaotic, free-spirited, lively, playful; in the city",3
"adventurous, witty, nonconformist, free-spirited; on the battlefield",3
"energetic, rebellious, adventurous, lively; at the market",3
"unconventional, energetic, spontaneous, nonconformist, free-spirited; in the city",3
"lively, chaotic, witty; during winter",3
"playful, adventurous, nonconformist; during winter",3
"free-spirited, adaptable, rebellious, chaotic; ""Let's see what happens""; while exploring caves",3
"playful, free-spirited, unpredictable, energetic, spontaneous; on the ship",3
"rebellious, nonconformist, free-spirited, witty, spontaneous; on the ship",3
"impulsive, rebellious, lively; in the city",3
"rebellious, unpredictable, witty; on the ship",3
"unconventional, unpredictable, adaptable, nonconformist, impulsive; ""Rules are for others""; at the market",3
"adventurous, adaptable, impulsive, unconventional, energetic; ""Let's see what happens""; in the forest",3
"witty, unpredictable, nonconformist, adventurous; ""Let's see what happens""; on the ship",3
"spontaneous, nonconformist, adaptable, unpredictable; ""Rules are for others""; in the forest",3
"spontaneous, free-spirited, lively, impulsive, playful; ""Why not try it?""; while exploring caves",3
"unpredictable, adventurous, rebellious, nonconformist, adaptable; on the battlefield",3
"unpredictable, impulsive, free-spirited; ""Rules are for others""; at dawn",3
"energetic, unconventional, nonconformist; in the library",3
"unconventional, lively, impulsive, adventurous, unpredictable; while exploring caves",3
"unpredictable, chaotic, playful, rebellious, impulsive; ""Let's see what happens""; during winter",3
"playful, spontaneous, chaotic, witty, impulsive; ""Why not try it?""; while exploring caves",3
"adaptable, chaotic, witty; ""Let's see what happens""; at the market",3
"free-spirited, unconventional, rebellious; in the city",3
"unconventional, witty, chaotic; ""Let's see what happens""; in the forest",3
"energetic, spontaneous, adventurous, chaotic; ""Let's see what happens""; in the forest",3
"spontaneous, nonconformist, energetic, witty; on the ship",3
"spontaneous, impulsive, energetic, unpredictable, free-spirited; ""Rules are for others""; during the journey",3
"unpredictable, impulsive, unconventional, adventurous; at dawn",3
"rebellious, witty, spontaneous; ""Rules are for others""; on the battlefield",3
"unconventional, adaptable, rebellious, impulsive, unpredictable; ""Why not try it?""; while exploring caves",3
"adventurous, nonconformist, lively, unconventional; in the forest",3
"witty, nonconformist, free-spirited; while exploring caves",3
"unpredictable, witty, rebellious; ""Rules are for others""; in the city",3
"adaptable, rebellious, impulsive; in the city",3
"nonconformist, playful, rebellious, adventurous, unconventional; ""Let's see what happens""; in the library",3
"rebellious, adventurous, energetic; ""Let's see what happens""; in the city",3
"playful, adaptable, lively, nonconformist; ""Rules are for others""; at dawn",3
"nonconformist, rebellious, energetic, unpredictable; in the library",3
"adventurous, unconventional, impulsive, unpredictable; during the journey",3
"witty, spontaneous, adaptable; on the battlefield",3
"adventurous, chaotic, witty, adaptable; during winter",3
"lively, chaotic, witty; ""Let's see what happens""; at the market",3
"unpredictable, nonconformist, chaotic, energetic; ""Rules are for others""; in the library",3
"witty, unconventional, energetic, spontaneous, unpredictable; ""Why not try it?""; during winter",3
"nonconformist, witty, impulsive, energetic, free-spirited; at dawn",3
"witty, playful, chaotic, free-spirited; ""Let's see what happens""; during winter",3
"free-spirited, unpredictable, spontaneous, adaptable; at dawn",3
"unconventional, impulsive, chaotic, rebellious, energetic; in the forest",3
"energetic, rebellious, lively; ""Why not try it?""; in the forest",3
"spontaneous, lively, playful, adventurous; in the library",3
"energetic, witty, unconventional, adaptable, chaotic; at the market",3
"lively, chaotic, energetic, unconventional, impulsive; during the journey",3
"impulsive, nonconformist, chaotic, rebellious, energetic; ""Rules are for others""; during the journey",3
"witty, spontaneous, impulsive, unpredictable, lively; at the market",3
"adaptable, nonconformist, adventurous; ""Why not try it?""; in the library",3
"free-spirited, rebellious, chaotic, witty; ""Let's see what happens""; during the journey",3
"witty, playful, chaotic, rebellious, free-spirited; ""Let's see what happens""; on the battlefield",3
"playful, nonconformist, chaotic; ""Why not try it?""; during winter",3
"chaotic, witty, unpredictable, adaptable; ""Rules are for others""; on the battlefield",3
"unpredictable, chaotic, unconventional, free-spirited, adventurous; at dawn",3
"adventurous, witty, nonconformist, free-spirited; during winter",3
"lively, energetic, free-spirited, impulsive; ""Let's see what happens""; in the library",3
"chaotic, unconventional, adaptable; at the market",3
"rebellious, unconventional, playful, adaptable; ""Rules are for others""; on the battlefield",3
"unconventional, nonconformist, free-spirited, impulsive, playful; ""Let's see what happens""; on the ship",3
"impulsive, chaotic, unconventional, adventurous, playful; on the battlefield",3
"rebellious, adaptable, playful, lively, impulsive; in the forest",3
"spontaneous, rebellious, free-spirited, energetic, lively; while exploring caves",3
"spontaneous, lively, impulsive, nonconformist, unconventional; during winter",3
"rebellious, adventurous, witty, energetic; during the journey",3
"nonconformist, lively, witty, energetic, impulsive; ""Rules are for others""; in the city",3
"adaptable, spontaneous, adventurous, chaotic; ""Rules are for others""; while exploring caves",3
"unconventional, spontaneous, adaptable; at the market",3
"chaotic, impulsive, rebellious, free-spirited; ""Why not try it?""; during winter",3
"chaotic, lively, unpredictable, impulsive; ""Let's see what happens""; in the city",3
"chaotic, adaptable, energetic, impulsive, nonconformist; in the city",3
"unconventional, unpredictable, chaotic; ""Let's see what happens""; while exploring caves",3
"playful, energetic, unconventional, rebellious, adventurous; ""Let's see what happens""; at the market",3
"playful, lively, adventurous, witty, nonconformist; ""Let's see what happens""; in the forest",3
"free-spirited, unconventional, chaotic, adaptable; ""Let's see what happens""; at dawn",3
"energetic, impulsive, nonconformist, free-spirited, spontaneous; during the journey",3
"unpredictable, witty, nonconformist, spontaneous; on the battlefield",3
"rebellious, witty, unconventional, adventurous, spontaneous; during the journey",3
"nonconformist, rebellious, spontaneous; ""Rules are for others""; during the journey",3
"lively, nonconformist, unpredictable, adaptable, impulsive; ""Why not try it?""; while exploring caves",3
"lively, playful, nonconformist; ""Let's see what happens""; at the market",3
"playful, nonconformist, energetic, lively, spontaneous; during winter",3
"playful, rebellious, unpredictable, witty; ""Let's see what happens""; in the forest",3
"lively, witty, impulsive, unconventional, rebellious; ""Why not try it?""; in the city",3
"witty, spontaneous, free-spirited; ""Let's see what happens""; in the forest",3
"nonconformist, adventurous, playful, adaptable; ""Rules are for others""; during winter",3
"chaotic, unpredictable, impulsive, rebellious, adaptable; during winter",3
"rebellious, playful, witty, adventurous; ""Let's see what happens""; in the library",3
"rebellious, spontaneous, chaotic, unpredictable, adaptable; ""Rules are for others""; in the city",3
"adaptable, unconventional, rebellious, spontaneous, chaotic; at the market",3
"rebellious, energetic, witty; on the ship",3
"energetic, nonconformist, adaptable, chaotic, impulsive; on the ship",3
"playful, energetic, rebellious, adaptable; on the battlefield",3
"nonconformist, free-spirited, unpredictable, lively; during the journey",3
"energetic, rebellious, adaptable; ""Rules are for others""; at dawn",3
"unconventional, spontaneous, witty, nonconformist; at the market",3
"playful, energetic, free-spirited, witty, lively; ""Let's see what happens""; at the market",3
"witty, chaotic, energetic, free-spirited, lively; in the forest",3
"spontaneous, rebellious, playful, chaotic; ""Why not try it?""; in the library",3
"rebellious, chaotic, witty; on the ship",3
"unconventional, playful, adaptable, free-spirited, chaotic; ""Rules are for others""; during winter",3
"playful, unpredictable, lively, energetic; on the battlefield",3
"lively, witty, impulsive, playful, unconventional; on the battlefield",3
